номер;товар;цена;количество;скидка;ед. измерения;дата продажи
1;Гречка;110;100;34;кг;10.11.2022
2;Рис;90;110;23;кг;09.11.2022
3;Сыр;140;120;32;кг;11.11.2022
4;Масло;80;130;26;кг;12.11.2022
5;Пельмени;120;140;30;кг;13.11.2022
6;Макороны;100;150;20;кг;14.11.2022
7;Хлеб белый;50;160;13;г;14.11.2022
8;Хлеб чёрный;70;170;15;г;16.11.2022
9;Йогурт;65;180;20;г;17.11.2022
10;Молоко;95;190;12;л;18.11.2022
